file_id,source_id,onset_ms,sampling_rate,snr_db,rms_db,peak_amplitude,is_clipped
XC100284_10593,100284,10593,44100,6.07,-38.27,0.0864,False
XC100284_13593,100284,13593,44100,3.92,-38.30,0.0733,False
XC100284_22316,100284,22316,44100,6.51,-37.60,0.0891,False
XC100284_2691,100284,2691,44100,5.51,-38.36,0.1052,False
XC100284_5691,100284,5691,44100,7.06,-36.23,0.1165,False
XC1003188_2195,1003188,2195,44100,23.12,-19.84,0.6273,False
XC1003188_5506,1003188,5506,44100,11.73,-32.20,0.1901,False
XC1004354_13666,1004354,13666,44100,19.05,-39.85,0.0822,False
XC102121_1150,102121,1150,44100,15.93,-39.44,0.3154,False
XC102121_15401,102121,15401,44100,18.32,-40.81,0.1354,False
XC102121_21355,102121,21355,44100,16.34,-40.57,0.1254,False
XC102121_33947,102121,33947,44100,26.73,-30.99,0.2359,False
XC102121_36602,102121,36602,44100,27.64,-30.98,0.2379,False
XC102121_39048,102121,39048,44100,29.62,-29.48,0.3268,False
XC102121_3978,102121,3978,44100,33.78,-21.10,0.8748,False
XC102121_41104,102121,41104,44100,31.47,-27.91,0.3279,False
XC102121_42894,102121,42894,44100,28.80,-29.82,0.3279,False
XC102121_44713,102121,44713,44100,21.58,-36.20,0.1960,False
XC102122_100538,102122,100538,44100,40.01,-20.90,0.6467,False
XC102122_1477,102122,1477,44100,26.65,-29.18,0.3245,False
XC102122_19777,102122,19777,44100,43.20,-14.41,0.8704,False
XC102122_43576,102122,43576,44100,42.20,-14.45,0.7382,False
XC102122_64887,102122,64887,44100,40.73,-17.51,0.6481,False
XC102122_86525,102122,86525,44100,36.66,-23.06,0.5418,False
XC102123_20091,102123,20091,44100,35.62,-19.76,0.8983,False
XC102123_23084,102123,23084,44100,15.58,-39.94,0.1545,False
XC102123_33895,102123,33895,44100,25.27,-28.42,0.4890,False
XC102123_37796,102123,37796,44100,17.85,-33.31,0.2242,False
XC102123_837,102123,837,44100,40.61,-14.65,0.9413,False
XC102124_13853,102124,13853,44100,19.72,-36.02,0.5039,False
XC102124_1682,102124,1682,44100,31.32,-21.22,0.7433,False
XC102124_21170,102124,21170,44100,13.80,-38.01,0.4612,False
XC102124_24980,102124,24980,44100,7.47,-42.86,0.0518,False
XC102124_30462,102124,30462,44100,26.83,-23.78,0.5011,False
XC102124_37836,102124,37836,44100,26.15,-26.83,0.5173,False
XC102124_47384,102124,47384,44100,37.42,-16.89,0.8943,False
XC102124_61166,102124,61166,44100,25.80,-25.96,0.5652,False
XC102124_68726,102124,68726,44100,9.52,-37.71,0.3102,False
XC1041255_311,1041255,311,44100,24.74,-24.67,0.3647,False
XC1041255_3311,1041255,3311,44100,23.04,-27.99,0.2065,False
XC1043055_23159,1043055,23159,44100,16.29,-40.13,0.0927,False
XC1043055_28370,1043055,28370,44100,14.93,-43.36,0.0840,False
XC1043055_32213,1043055,32213,44100,17.06,-40.67,0.0901,False
XC1043055_8127,1043055,8127,44100,15.12,-43.63,0.0698,False
XC110873_1780,110873,1780,44100,20.57,-19.60,0.7160,False
XC110874_1357,110874,1357,44100,8.38,-23.39,0.7428,False
XC110875_789,110875,789,44100,19.72,-24.03,0.5031,False
XC110876_2768,110876,2768,44100,10.11,-28.66,0.3895,False
XC110876_40013,110876,40013,44100,12.89,-18.01,0.8738,False
XC110879_11854,110879,11854,44100,26.15,-21.90,0.5058,False
XC110879_20499,110879,20499,44100,22.45,-27.56,0.4669,False
XC110879_2050,110879,2050,44100,25.36,-21.94,0.7370,False
XC110879_22088,110879,22088,44100,13.08,-35.00,0.1911,False
XC110879_28572,110879,28572,44100,13.62,-28.70,0.3357,False
XC110879_3115,110879,3115,44100,24.36,-21.98,0.7370,False
XC110879_36950,110879,36950,44100,22.49,-21.88,0.6439,False
XC110879_48935,110879,48935,44100,15.52,-35.33,0.2049,False
XC110879_54924,110879,54924,44100,22.02,-28.75,0.2637,False
XC110879_61945,110879,61945,44100,21.41,-31.37,0.3863,False
XC110880_1833,110880,1833,44100,14.54,-25.41,0.4775,False
XC110880_7160,110880,7160,44100,18.36,-23.73,0.5806,False
XC110881_10447,110881,10447,44100,10.97,-33.91,0.1631,False
XC110881_13461,110881,13461,44100,19.92,-25.39,0.5478,False
XC110881_16615,110881,16615,44100,20.53,-24.45,0.6616,False
XC110881_21763,110881,21763,44100,6.58,-36.61,0.1994,False
XC110881_4232,110881,4232,44100,7.03,-37.03,0.1742,False
XC110881_7328,110881,7328,44100,16.52,-28.72,0.4111,False
XC110882_2900,110882,2900,44100,15.47,-27.07,0.6687,False
XC116708_18736,116708,18736,44100,27.63,-28.93,0.3888,False
XC116708_23565,116708,23565,44100,15.86,-39.77,0.1782,False
XC116708_2576,116708,2576,44100,16.73,-39.23,0.2195,False
XC116708_30783,116708,30783,44100,5.80,-49.62,0.0544,False
XC116708_34730,116708,34730,44100,24.43,-31.88,0.3477,False
XC116708_40947,116708,40947,44100,15.82,-40.44,0.1926,False
XC116708_42677,116708,42677,44100,11.58,-44.18,0.1104,False
XC116708_46279,116708,46279,44100,21.64,-34.41,0.2543,False
XC116708_58125,116708,58125,44100,29.20,-25.05,0.4171,False
XC142966_1264,142966,1264,44100,20.20,-21.52,0.6554,False
XC142966_13313,142966,13313,44100,18.27,-21.43,0.5106,False
XC142966_19337,142966,19337,44100,13.20,-28.04,0.3245,False
XC142966_34561,142966,34561,44100,12.16,-27.24,0.3694,False
XC142966_46944,142966,46944,44100,10.44,-32.46,0.2357,False
XC142966_8272,142966,8272,44100,6.79,-33.14,0.2116,False
XC156759_12488,156759,12488,44100,10.45,-40.56,0.1104,False
XC156759_1385,156759,1385,44100,14.70,-36.40,0.1578,False
XC156759_17313,156759,17313,44100,9.16,-36.32,0.1231,False
XC156759_22989,156759,22989,44100,21.66,-33.58,0.2278,False
XC156759_27095,156759,27095,44100,12.85,-40.32,0.0900,False
XC156759_30381,156759,30381,44100,13.57,-33.15,0.2011,False
XC156759_43495,156759,43495,44100,15.68,-38.81,0.1279,False
XC156759_44702,156759,44702,44100,15.86,-38.30,0.1294,False
XC156759_46032,156759,46032,44100,21.46,-33.71,0.2549,False
XC156759_5483,156759,5483,44100,16.63,-31.74,0.2370,False
XC183763_15860,183763,15860,44100,20.00,-24.66,1.0000,True
XC183763_2486,183763,2486,44100,17.25,-22.52,0.8625,False
XC183763_36790,183763,36790,44100,13.30,-19.08,1.0000,True
XC183763_52496,183763,52496,44100,9.59,-34.83,0.3935,False
XC183763_56857,183763,56857,44100,12.49,-31.68,0.4432,False
XC183763_59424,183763,59424,44100,6.84,-37.14,0.1779,False
XC184794_2004,184794,2004,44100,6.73,-37.41,0.1649,False
XC184794_5043,184794,5043,44100,11.91,-29.28,0.3228,False
XC185711_12689,185711,12689,44100,17.33,-26.74,0.4550,False
XC185711_19587,185711,19587,44100,11.06,-25.63,0.4390,False
XC185711_425,185711,425,44100,12.21,-20.40,0.6375,False
XC185711_8700,185711,8700,44100,6.19,-37.71,0.1094,False
XC187036_581,187036,581,44100,18.30,-21.21,0.5739,False
XC192299_0,192299,0,44100,21.53,-27.63,0.3440,False
XC192299_11066,192299,11066,44100,7.19,-43.18,0.1346,False
XC192299_17298,192299,17298,44100,14.77,-26.40,0.2805,False
XC192299_34897,192299,34897,44100,16.37,-29.06,0.2311,False
XC192299_5050,192299,5050,44100,23.49,-25.34,0.3879,False
XC194208_0,194208,0,44100,18.98,-36.54,0.1224,False
XC194208_10300,194208,10300,44100,25.40,-35.21,0.1300,False
XC194208_18385,194208,18385,44100,19.46,-41.15,0.0625,False
XC194208_25489,194208,25489,44100,18.56,-38.27,0.1105,False
XC208162_13327,208162,13327,44100,18.93,-32.08,0.2768,False
XC208162_19268,208162,19268,44100,13.37,-38.63,0.1733,False
XC208162_22273,208162,22273,44100,12.37,-37.38,0.1843,False
XC208162_25293,208162,25293,44100,10.77,-37.32,0.1643,False
XC208162_29577,208162,29577,44100,11.63,-37.69,0.1389,False
XC208162_34312,208162,34312,44100,14.58,-35.47,0.2306,False
XC208162_38239,208162,38239,44100,15.14,-33.47,0.2916,False
XC208162_4718,208162,4718,44100,11.37,-37.46,0.1232,False
XC208162_735,208162,735,44100,13.91,-35.92,0.1567,False
XC294325_12179,294325,12179,44100,19.69,-44.78,0.0484,False
XC294325_1617,294325,1617,44100,22.58,-38.67,0.0838,False
XC294325_26855,294325,26855,44100,14.45,-47.83,0.0495,False
XC294325_47052,294325,47052,44100,27.92,-38.62,0.1086,False
XC294605_1140,294605,1140,44100,17.88,-39.43,0.1531,False
XC294605_14856,294605,14856,44100,18.23,-41.38,0.0566,False
XC294605_15566,294605,15566,44100,9.93,-41.14,0.0566,False
XC294605_434,294605,434,44100,17.32,-39.67,0.1531,False
XC294605_8440,294605,8440,44100,11.22,-36.13,0.1213,False
XC295122_10571,295122,10571,44100,20.29,-25.29,0.3134,False
XC295122_23824,295122,23824,44100,21.09,-25.94,0.3681,False
XC295122_256,295122,256,44100,14.83,-33.83,0.1531,False
XC295122_34824,295122,34824,44100,21.02,-25.39,0.4941,False
XC295122_49094,295122,49094,44100,21.65,-27.80,0.3247,False
XC295122_64120,295122,64120,44100,8.80,-23.39,0.3157,False
XC295122_82712,295122,82712,44100,17.52,-22.75,0.4211,False
XC309110_3020,309110,3020,44100,14.36,-36.75,0.1218,False
XC309110_7170,309110,7170,44100,10.75,-37.07,0.1064,False
XC309110_8,309110,8,44100,14.46,-34.90,0.5637,False
XC311114_12562,311114,12562,44100,11.27,-39.90,0.0977,False
XC311114_17106,311114,17106,44100,15.50,-35.46,0.1880,False
XC311114_2133,311114,2133,44100,17.16,-33.33,0.2086,False
XC311114_8038,311114,8038,44100,11.32,-38.20,0.1355,False
XC311115_11883,311115,11883,44100,16.23,-29.98,0.2046,False
XC311115_1447,311115,1447,44100,22.27,-27.63,0.2778,False
XC311115_20733,311115,20733,44100,19.39,-36.58,0.1035,False
XC311116_11531,311116,11531,44100,17.79,-35.05,0.1407,False
XC311116_1447,311116,1447,44100,13.96,-35.73,0.1521,False
XC311116_17025,311116,17025,44100,15.22,-33.58,0.1601,False
XC311116_40720,311116,40720,44100,9.98,-38.36,0.1216,False
XC331552_0,331552,0,44100,21.62,-45.06,0.0735,False
XC331552_12275,331552,12275,44100,8.82,-55.31,0.0197,False
XC331552_19974,331552,19974,44100,30.40,-33.15,0.2253,False
XC331552_29534,331552,29534,44100,28.74,-32.97,0.2172,False
XC331552_6729,331552,6729,44100,31.45,-31.95,0.1835,False
XC331569_1640,331569,1640,44100,17.94,-38.11,0.1922,False
XC331569_4660,331569,4660,44100,21.38,-34.04,0.3465,False
XC331569_7685,331569,7685,44100,15.51,-40.10,0.1099,False
XC336261_0,336261,0,44100,18.00,-37.86,0.1677,False
XC336261_15421,336261,15421,44100,18.66,-33.01,0.1787,False
XC364334_0,364334,0,44100,7.36,-19.50,0.6097,False
XC364334_3000,364334,3000,44100,8.08,-21.07,0.5191,False
XC364334_30664,364334,30664,44100,6.56,-23.06,0.4246,False
XC364334_62192,364334,62192,44100,8.88,-24.25,0.4738,False
XC364334_65191,364334,65191,44100,12.44,-22.61,0.5110,False
XC364334_68193,364334,68193,44100,12.35,-21.91,0.5137,False
XC364334_71197,364334,71197,44100,6.81,-26.23,0.3825,False
XC364334_74202,364334,74202,44100,7.41,-26.06,0.3242,False
XC364334_80276,364334,80276,44100,10.70,-21.49,0.4997,False
XC368954_1038,368954,1038,44100,10.79,-22.21,0.4994,False
XC368954_11405,368954,11405,44100,21.96,-27.36,0.7117,False
XC368954_7220,368954,7220,44100,18.52,-15.91,0.9699,False
XC369018_19741,369018,19741,44100,17.99,-34.14,0.2223,False
XC369018_23033,369018,23033,44100,15.77,-37.46,0.1678,False
XC369018_30350,369018,30350,44100,17.35,-32.24,0.2069,False
XC369018_7354,369018,7354,44100,12.44,-33.57,0.2364,False
XC369018_970,369018,970,44100,21.73,-24.90,0.5512,False
XC379536_23421,379536,23421,44100,15.12,-47.70,0.0437,False
XC379536_26907,379536,26907,44100,26.65,-35.03,0.1986,False
XC379536_33305,379536,33305,44100,12.40,-35.77,0.2064,False
XC379536_5340,379536,5340,44100,18.48,-30.94,0.2291,False
XC379536_9680,379536,9680,44100,20.46,-33.61,0.2447,False
XC395089_18226,395089,18226,44100,5.27,-41.70,0.0539,False
XC395089_2203,395089,2203,44100,5.00,-42.79,0.0557,False
XC395089_34046,395089,34046,44100,4.57,-42.00,0.0614,False
XC395089_41887,395089,41887,44100,7.91,-39.02,0.0708,False
XC395089_48784,395089,48784,44100,7.02,-39.82,0.0689,False
XC395089_59762,395089,59762,44100,7.68,-38.73,0.0998,False
XC395089_63229,395089,63229,44100,4.20,-39.61,0.0574,False
XC395089_8684,395089,8684,44100,8.56,-39.06,0.0871,False
XC400123_10741,400123,10741,44100,22.57,-35.13,0.2371,False
XC400123_16803,400123,16803,44100,24.01,-33.53,0.2375,False
XC400123_24118,400123,24118,44100,20.47,-38.29,0.2074,False
XC400123_25603,400123,25603,44100,25.40,-30.97,0.2322,False
XC400123_3689,400123,3689,44100,17.93,-40.95,0.1380,False
XC400123_45367,400123,45367,44100,18.92,-41.11,0.1291,False
XC400123_47882,400123,47882,44100,22.08,-34.84,0.2437,False
XC40086_1144,40086,1144,44100,17.12,-20.40,0.4668,False
XC40086_11521,40086,11521,44100,7.70,-30.86,0.2293,False
XC40086_17259,40086,17259,44100,18.85,-19.48,0.8645,False
XC40086_26089,40086,26089,44100,20.97,-16.68,0.9267,False
XC40086_29089,40086,29089,44100,17.40,-20.58,0.5824,False
XC40086_41181,40086,41181,44100,18.60,-18.00,0.9242,False
XC40086_53456,40086,53456,44100,15.49,-22.47,0.5099,False
XC40086_60804,40086,60804,44100,14.13,-23.66,0.4092,False
XC40087_134743,40087,134743,44100,18.61,-15.26,1.0000,True
XC40087_152038,40087,152038,44100,16.15,-17.10,0.8957,False
XC40087_1794,40087,1794,44100,16.40,-14.00,0.9930,True
XC40087_20398,40087,20398,44100,16.90,-16.25,0.9868,False
XC40087_31727,40087,31727,44100,13.73,-19.83,0.8801,False
XC40087_43217,40087,43217,44100,19.74,-13.93,0.9769,False
XC40087_59996,40087,59996,44100,8.15,-25.47,0.4147,False
XC40087_64379,40087,64379,44100,9.59,-24.29,0.4820,False
XC40087_70731,40087,70731,44100,9.15,-24.41,0.6367,False
XC40087_81484,40087,81484,44100,6.00,-27.81,0.3467,False
XC402381_5256,402381,5256,44100,21.24,-21.50,0.6891,False
XC402381_789,402381,789,44100,14.63,-25.84,0.5216,False
XC426356_1477,426356,1477,44100,26.32,-22.87,0.7591,False
XC426356_15473,426356,15473,44100,21.91,-27.32,0.5507,False
XC426356_20466,426356,20466,44100,9.18,-40.32,0.0930,False
XC426356_23459,426356,23459,44100,10.84,-36.93,0.0900,False
XC426356_9194,426356,9194,44100,27.17,-20.85,0.8875,False
XC442857_2115,442857,2115,44100,14.53,-22.76,0.7145,False
XC44444_11449,44444,11449,44100,11.28,-24.25,0.3686,False
XC44444_14446,44444,14446,44100,3.09,-31.53,0.1884,False
XC44444_17444,44444,17444,44100,2.99,-29.66,0.3337,False
XC44444_3046,44444,3046,44100,9.05,-27.21,0.4802,False
XC44444_46,44444,46,44100,11.24,-25.52,0.4600,False
XC444488_1194,444488,1194,44100,17.90,-27.09,0.5116,False
XC444488_12180,444488,12180,44100,30.22,-17.47,1.0000,True
XC444488_6372,444488,6372,44100,26.15,-20.73,0.8884,False
XC444488_9306,444488,9306,44100,19.30,-30.57,0.4492,False
XC445899_1245,445899,1245,44100,26.13,-31.78,0.2564,False
XC445899_13571,445899,13571,44100,33.77,-24.81,0.4881,False
XC445899_18628,445899,18628,44100,33.31,-24.97,0.5314,False
XC445899_2653,445899,2653,44100,26.69,-31.67,0.2564,False
XC445899_27551,445899,27551,44100,32.07,-24.60,0.4823,False
XC445899_29469,445899,29469,44100,8.08,-24.41,0.4823,False
XC445899_5777,445899,5777,44100,12.13,-25.07,0.4067,False
XC472544_10937,472544,10937,44100,22.95,-30.84,0.1553,False
XC472544_16834,472544,16834,44100,16.66,-40.12,0.1005,False
XC472544_19729,472544,19729,44100,19.78,-36.51,0.1080,False
XC472544_24798,472544,24798,44100,21.90,-34.17,0.1358,False
XC472544_2668,472544,2668,44100,21.75,-31.23,0.2021,False
XC472544_29732,472544,29732,44100,24.06,-31.73,0.1815,False
XC472544_35206,472544,35206,44100,8.54,-48.34,0.0492,False
XC472544_5158,472544,5158,44100,26.28,-28.71,0.2266,False
XC472544_6411,472544,6411,44100,27.29,-29.40,0.2266,False
XC472544_904,472544,904,44100,23.87,-31.85,0.3352,False
XC472545_11253,472545,11253,44100,26.52,-26.55,0.3917,False
XC472545_4717,472545,4717,44100,29.17,-21.84,0.6861,False
XC472545_627,472545,627,44100,23.79,-28.68,0.2957,False
XC472545_7985,472545,7985,44100,24.04,-28.28,0.4643,False
XC503850_11764,503850,11764,44100,8.43,-24.01,0.5975,False
XC503850_13895,503850,13895,44100,6.63,-26.25,0.5724,False
XC503850_1733,503850,1733,44100,5.00,-26.80,0.3879,False
XC503850_23827,503850,23827,44100,5.87,-24.33,0.4333,False
XC503850_30903,503850,30903,44100,4.59,-24.95,0.4694,False
XC503850_37154,503850,37154,44100,7.74,-25.19,0.4896,False
XC503850_43605,503850,43605,44100,5.14,-24.02,0.5465,False
XC503850_49707,503850,49707,44100,3.31,-26.29,0.3198,False
XC503850_54716,503850,54716,44100,7.38,-25.98,0.5405,False
XC503850_6455,503850,6455,44100,5.84,-27.17,0.4083,False
XC505882_14371,505882,14371,44100,10.26,-40.08,0.0722,False
XC505882_2051,505882,2051,44100,16.95,-32.27,0.1884,False
XC505882_32097,505882,32097,44100,9.37,-39.85,0.0877,False
XC505882_43279,505882,43279,44100,9.76,-37.83,0.1187,False
XC505882_44918,505882,44918,44100,8.98,-37.57,0.1449,False
XC505882_53037,505882,53037,44100,10.96,-38.54,0.1479,False
XC505882_54955,505882,54955,44100,14.36,-38.98,0.1479,False
XC505882_56053,505882,56053,44100,24.92,-43.40,0.1218,False
XC505883_17731,505883,17731,44100,8.48,-39.83,0.0743,False
XC505883_21798,505883,21798,44100,12.54,-32.93,0.1465,False
XC505883_23175,505883,23175,44100,12.23,-32.93,0.2123,False
XC505883_26591,505883,26591,44100,7.90,-33.54,0.1526,False
XC505883_30993,505883,30993,44100,7.92,-36.63,0.1302,False
XC505883_34232,505883,34232,44100,8.39,-35.58,0.1637,False
XC505883_3595,505883,3595,44100,7.59,-39.87,0.0751,False
XC505883_37105,505883,37105,44100,10.76,-35.94,0.1452,False
XC505883_39884,505883,39884,44100,8.70,-33.73,0.1698,False
XC505883_52833,505883,52833,44100,7.71,-35.68,0.1082,False
XC506210_22077,506210,22077,44100,17.83,-30.67,0.2114,False
XC506210_32314,506210,32314,44100,14.92,-33.66,0.1996,False
XC506210_42707,506210,42707,44100,15.24,-30.47,0.2595,False
XC506210_58589,506210,58589,44100,16.27,-32.60,0.2095,False
XC506210_859,506210,859,44100,16.38,-32.17,0.1758,False
XC518361_121955,518361,121955,44100,10.11,-54.96,0.0089,False
XC518361_141460,518361,141460,44100,9.08,-58.51,0.0095,False
XC518361_15476,518361,15476,44100,9.48,-51.90,0.0188,False
XC518361_27905,518361,27905,44100,5.94,-59.35,0.0078,False
XC518361_39684,518361,39684,44100,8.46,-58.26,0.0133,False
XC518361_43540,518361,43540,44100,8.72,-54.19,0.0137,False
XC518361_67947,518361,67947,44100,11.47,-56.47,0.0169,False
XC518361_82761,518361,82761,44100,4.72,-43.50,0.0306,False
XC518361_98820,518361,98820,44100,11.29,-54.13,0.0191,False
XC533469_10061,533469,10061,44100,29.14,-22.79,0.5884,False
XC533469_13265,533469,13265,44100,8.26,-44.40,0.1815,False
XC533469_16595,533469,16595,44100,28.40,-27.49,0.4249,False
XC533469_1914,533469,1914,44100,33.32,-19.40,0.7828,False
XC533469_5452,533469,5452,44100,26.47,-25.51,0.6307,False
XC544012_20431,544012,20431,44100,3.23,-39.23,0.0612,False
XC544012_41999,544012,41999,44100,7.14,-32.42,0.2194,False
XC544012_5370,544012,5370,44100,5.03,-35.60,0.1053,False
XC544012_54716,544012,54716,44100,5.65,-27.87,0.3165,False
XC544012_59760,544012,59760,44100,6.70,-32.46,0.1905,False
XC544012_67702,544012,67702,44100,4.56,-28.13,0.2190,False
XC544012_7629,544012,7629,44100,5.58,-35.51,0.1383,False
XC544012_77303,544012,77303,44100,6.08,-36.32,0.1474,False
XC544012_9846,544012,9846,44100,5.63,-34.57,0.2217,False
XC555308_1839,555308,1839,44100,8.20,-37.14,0.1271,False
XC555308_18723,555308,18723,44100,3.27,-44.66,0.0492,False
XC555308_31185,555308,31185,44100,8.71,-35.18,0.1396,False
XC555308_34298,555308,34298,44100,5.76,-38.33,0.0932,False
XC555308_38732,555308,38732,44100,9.16,-35.13,0.1669,False
XC555308_4787,555308,4787,44100,6.72,-38.95,0.1527,False
XC555308_6905,555308,6905,44100,7.82,-36.60,0.1527,False
XC555308_75810,555308,75810,44100,9.19,-33.74,0.1708,False
XC555308_87195,555308,87195,44100,4.77,-37.41,0.1052,False
XC555308_90239,555308,90239,44100,9.23,-33.81,0.1740,False
XC571182_2191,571182,2191,44100,8.40,-25.65,0.3595,False
XC571182_7309,571182,7309,44100,5.01,-28.93,0.4742,False
XC571185_15661,571185,15661,44100,12.59,-27.67,0.4815,False
XC571185_26995,571185,26995,44100,10.17,-28.87,0.3622,False
XC571185_39641,571185,39641,44100,6.11,-34.78,0.3611,False
XC571185_41346,571185,41346,44100,9.68,-31.03,0.3611,False
XC571185_47307,571185,47307,44100,9.89,-31.12,0.2702,False
XC571185_4911,571185,4911,44100,7.27,-34.12,0.3139,False
XC571185_61883,571185,61883,44100,9.61,-29.60,0.3404,False
XC571185_7997,571185,7997,44100,7.43,-33.30,0.2944,False
XC571185_86163,571185,86163,44100,5.70,-34.85,0.3305,False
XC583034_13304,583034,13304,44100,7.79,-40.55,0.0970,False
XC583034_18659,583034,18659,44100,9.80,-31.66,0.1886,False
XC583034_4351,583034,4351,44100,13.81,-32.49,0.2448,False
XC583034_68586,583034,68586,44100,9.57,-37.90,0.1190,False
XC583034_73172,583034,73172,44100,13.25,-35.53,0.1559,False
XC583034_83302,583034,83302,44100,10.45,-34.92,0.1800,False
XC583034_86534,583034,86534,44100,9.19,-37.67,0.1587,False
XC583034_92596,583034,92596,44100,10.56,-35.31,0.1840,False
XC591907_11049,591907,11049,44100,4.65,-19.51,0.5683,False
XC591907_14583,591907,14583,44100,4.86,-20.91,0.4650,False
XC591907_24,591907,24,44100,7.13,-17.32,0.7945,False
XC596982_12048,596982,12048,44100,14.34,-25.18,0.7231,False
XC596982_13313,596982,13313,44100,13.43,-25.77,0.7475,False
XC596982_15089,596982,15089,44100,15.23,-23.83,0.8351,False
XC596982_16652,596982,16652,44100,14.77,-24.12,0.8523,False
XC596982_18960,596982,18960,44100,4.40,-33.01,0.2962,False
XC596982_21767,596982,21767,44100,15.18,-26.34,0.5646,False
XC596982_29354,596982,29354,44100,14.59,-25.65,0.4927,False
XC596982_31542,596982,31542,44100,13.06,-26.05,0.4957,False
XC596982_3566,596982,3566,44100,17.87,-21.45,0.9075,False
XC596982_369,596982,369,44100,2.79,-36.19,0.2719,False
XC596983_13540,596983,13540,44100,14.22,-46.04,0.0588,False
XC596983_19962,596983,19962,44100,10.58,-48.36,0.0715,False
XC596983_2131,596983,2131,44100,13.77,-46.86,0.0731,False
XC596983_269,596983,269,44100,16.17,-43.41,0.1086,False
XC596983_29595,596983,29595,44100,26.03,-28.76,0.2783,False
XC596983_4106,596983,4106,44100,11.15,-49.68,0.0427,False
XC596983_43051,596983,43051,44100,9.69,-49.08,0.0283,False
XC596983_6109,596983,6109,44100,20.67,-40.53,0.1000,False
XC596983_7104,596983,7104,44100,20.52,-40.73,0.0974,False
XC596983_8468,596983,8468,44100,5.65,-55.47,0.0296,False
XC599867_18996,599867,18996,44100,4.98,-33.93,0.1560,False
XC599867_1966,599867,1966,44100,12.77,-27.08,0.3958,False
XC599867_3766,599867,3766,44100,9.66,-30.04,0.2895,False
XC599867_58280,599867,58280,44100,13.85,-23.69,0.5482,False
XC607249_100509,607249,100509,44100,10.12,-30.29,0.2068,False
XC607249_123553,607249,123553,44100,16.07,-27.30,0.3271,False
XC607249_144555,607249,144555,44100,11.57,-28.78,0.2856,False
XC607249_21212,607249,21212,44100,15.25,-23.85,0.4977,False
XC607249_2259,607249,2259,44100,15.16,-22.11,0.5271,False
XC607249_35099,607249,35099,44100,5.21,-35.26,0.1134,False
XC607249_43870,607249,43870,44100,10.34,-35.08,0.1217,False
XC607249_73495,607249,73495,44100,7.61,-33.43,0.1742,False
XC607249_90720,607249,90720,44100,10.64,-31.06,0.1958,False
XC607249_9434,607249,9434,44100,14.17,-23.44,0.4601,False
XC614590_1385,614590,1385,44100,5.92,-37.71,0.1078,False
XC614590_16277,614590,16277,44100,8.89,-37.62,0.1296,False
XC614590_21644,614590,21644,44100,2.59,-39.45,0.0771,False
XC623016_20382,623016,20382,44100,22.96,-33.15,0.1794,False
XC623016_23987,623016,23987,44100,23.77,-39.50,0.1282,False
XC623016_311,623016,311,44100,25.00,-33.94,0.1617,False
XC623016_3309,623016,3309,44100,21.15,-29.23,0.2540,False
XC635697_17024,635697,17024,44100,9.04,-24.44,0.4001,False
XC635697_2867,635697,2867,44100,7.75,-33.92,0.1414,False
XC652901_1026,652901,1026,44100,7.87,-32.19,0.1986,False
XC652901_14818,652901,14818,44100,11.51,-30.79,0.2385,False
XC652901_9666,652901,9666,44100,8.98,-34.10,0.2213,False
XC652903_1429,652903,1429,44100,8.27,-32.47,0.1986,False
XC652903_14393,652903,14393,44100,11.50,-30.86,0.2385,False
XC652903_9629,652903,9629,44100,9.18,-34.10,0.2213,False
XC659209_0,659209,0,44100,14.68,-27.57,0.5571,False
XC659209_11836,659209,11836,44100,12.49,-34.86,0.1152,False
XC659209_16353,659209,16353,44100,11.89,-31.86,0.1886,False
XC659209_21227,659209,21227,44100,5.89,-40.12,0.0839,False
XC659209_24296,659209,24296,44100,9.52,-32.00,0.2149,False
XC659209_34234,659209,34234,44100,5.01,-37.74,0.0748,False
XC659209_35710,659209,35710,44100,6.48,-37.89,0.0768,False
XC659209_41175,659209,41175,44100,6.67,-37.91,0.0965,False
XC659211_12663,659211,12663,44100,3.41,-38.74,0.0898,False
XC659211_14030,659211,14030,44100,2.83,-38.41,0.0898,False
XC659211_23749,659211,23749,44100,4.46,-39.55,0.0975,False
XC659211_27394,659211,27394,44100,2.32,-41.99,0.0450,False
XC659211_32860,659211,32860,44100,3.58,-36.98,0.1566,False
XC659211_838,659211,838,44100,15.65,-30.50,0.2744,False
XC659211_9173,659211,9173,44100,5.45,-35.13,0.1532,False
XC659214_23961,659214,23961,44100,19.26,-26.54,0.3452,False
XC659214_26961,659214,26961,44100,23.01,-23.92,0.4864,False
XC659214_31884,659214,31884,44100,22.72,-22.80,0.4791,False
XC661228_21752,661228,21752,44100,14.35,-26.70,0.2806,False
XC661228_27350,661228,27350,44100,13.51,-29.29,0.2381,False
XC661228_38035,661228,38035,44100,16.12,-27.12,0.2367,False
XC661228_42426,661228,42426,44100,8.99,-35.19,0.1889,False
XC661228_56307,661228,56307,44100,7.53,-33.14,0.1565,False
XC661228_63781,661228,63781,44100,10.34,-27.00,0.2705,False
XC661228_809,661228,809,44100,9.70,-33.71,0.1500,False
XC661228_82408,661228,82408,44100,9.40,-31.38,0.2296,False
XC661228_9121,661228,9121,44100,12.62,-29.88,0.1911,False
XC661228_91913,661228,91913,44100,8.30,-34.99,0.1508,False
XC661253_5492,661253,5492,44100,15.62,-33.12,0.2068,False
XC661253_946,661253,946,44100,6.44,-42.05,0.0468,False
XC666384_4570,666384,4570,44100,19.14,-19.17,0.9947,True
XC684628_13357,684628,13357,44100,6.40,-34.21,0.1394,False
XC684628_19792,684628,19792,44100,9.36,-34.58,0.1235,False
XC684628_3016,684628,3016,44100,8.85,-35.61,0.1098,False
XC704442_2133,704442,2133,44100,26.55,-13.95,1.0000,True
XC704442_43,704442,43,44100,21.50,-19.31,1.0000,True
XC721477_11599,721477,11599,44100,24.98,-38.06,0.1379,False
XC721477_14599,721477,14599,44100,29.88,-30.49,0.3922,False
XC721477_20044,721477,20044,44100,19.62,-44.11,0.0978,False
XC721477_26476,721477,26476,44100,24.20,-32.05,0.3830,False
XC721477_29476,721477,29476,44100,16.97,-22.58,0.7204,False
XC721477_3828,721477,3828,44100,32.12,-38.66,0.2361,False
XC721477_40551,721477,40551,44100,15.34,-28.98,0.3616,False
XC721477_44544,721477,44544,44100,11.77,-29.75,0.3436,False
XC729094_1448,729094,1448,44100,25.90,-18.90,0.8627,False
XC729094_18186,729094,18186,44100,15.59,-30.30,0.3457,False
XC729094_27267,729094,27267,44100,16.27,-29.73,0.3368,False
XC729094_35904,729094,35904,44100,18.67,-27.25,0.4057,False
XC729094_37566,729094,37566,44100,19.73,-20.16,0.5593,False
XC729094_54915,729094,54915,44100,20.56,-23.84,0.5037,False
XC729094_60982,729094,60982,44100,17.55,-27.40,0.4005,False
XC729094_66168,729094,66168,44100,16.82,-28.07,0.4742,False
XC729094_70899,729094,70899,44100,10.46,-30.28,0.2194,False
XC729094_77080,729094,77080,44100,9.77,-40.72,0.1056,False
XC73133_13323,73133,13323,44100,19.44,-20.29,0.8011,False
XC73133_15581,73133,15581,44100,15.39,-23.05,0.8011,False
XC73133_18968,73133,18968,44100,16.24,-23.15,0.7075,False
XC73133_24737,73133,24737,44100,12.83,-26.45,0.5924,False
XC73133_26685,73133,26685,44100,7.92,-30.99,0.2876,False
XC73133_3380,73133,3380,44100,12.20,-27.25,0.3424,False
XC73133_4385,73133,4385,44100,18.82,-20.46,1.0000,True
XC73133_8344,73133,8344,44100,14.95,-23.84,0.7012,False
XC737076_12718,737076,12718,44100,27.16,-31.15,0.2917,False
XC737076_18872,737076,18872,44100,26.64,-32.81,0.2850,False
XC737076_23587,737076,23587,44100,24.63,-36.39,0.1885,False
XC737076_28993,737076,28993,44100,30.29,-30.91,0.2861,False
XC737076_381,737076,381,44100,22.09,-38.18,0.1778,False
XC737076_5039,737076,5039,44100,21.68,-34.36,0.2318,False
XC744146_7770,744146,7770,44100,12.53,-37.58,0.0967,False
XC744146_875,744146,875,44100,14.23,-44.74,0.0548,False
XC762566_10250,762566,10250,44100,16.73,-29.59,0.3712,False
XC762566_17021,762566,17021,44100,9.42,-37.75,0.2236,False
XC762566_21185,762566,21185,44100,16.98,-30.38,0.4283,False
XC762566_27519,762566,27519,44100,8.64,-38.60,0.2035,False
XC762566_3742,762566,3742,44100,14.30,-33.08,0.3857,False
XC762566_495,762566,495,44100,13.76,-34.10,0.2946,False
XC762566_7236,762566,7236,44100,19.44,-28.44,0.5287,False
XC762567_16179,762567,16179,44100,9.91,-35.87,0.1771,False
XC762567_20093,762567,20093,44100,9.40,-36.78,0.1679,False
XC762567_25190,762567,25190,44100,9.51,-36.90,0.1706,False
XC762567_33200,762567,33200,44100,7.19,-38.06,0.2183,False
XC762567_3694,762567,3694,44100,9.45,-36.72,0.1906,False
XC762567_37774,762567,37774,44100,12.62,-32.97,0.2286,False
XC762567_45693,762567,45693,44100,9.78,-37.20,0.2126,False
XC762567_477,762567,477,44100,9.81,-35.86,0.2267,False
XC762567_49084,762567,49084,44100,16.59,-29.81,0.3003,False
XC791427_145,791427,145,44100,14.84,-27.73,0.3100,False
XC791427_16751,791427,16751,44100,11.41,-37.96,0.1253,False
XC791427_20201,791427,20201,44100,6.14,-41.78,0.0672,False
XC791427_24253,791427,24253,44100,5.83,-42.89,0.0999,False
XC791427_28741,791427,28741,44100,11.05,-35.59,0.1230,False
XC791427_36988,791427,36988,44100,13.31,-34.54,0.1638,False
XC791427_53191,791427,53191,44100,9.81,-37.34,0.1322,False
XC79507_5629,79507,5629,44100,4.68,-21.66,0.3858,False
XC79507_928,79507,928,44100,3.05,-25.16,0.4336,False
XC79538_3652,79538,3652,44100,5.86,-21.92,0.5110,False
XC79538_648,79538,648,44100,4.17,-26.43,0.4344,False
XC79540_0,79540,0,44100,7.91,-19.61,0.6378,False
XC79541_514,79541,514,44100,3.17,-19.96,0.5095,False
XC80366_0,80366,0,44100,14.68,-28.97,0.3198,False
XC80366_10884,80366,10884,44100,11.41,-33.74,0.3106,False
XC80366_13884,80366,13884,44100,9.04,-35.42,0.1961,False
XC80366_16884,80366,16884,44100,10.04,-34.17,0.2209,False
XC80366_19884,80366,19884,44100,15.48,-29.48,0.2543,False
XC80366_22884,80366,22884,44100,12.03,-32.14,0.2470,False
XC80366_25884,80366,25884,44100,15.24,-30.37,0.3768,False
XC80366_28884,80366,28884,44100,10.93,-33.23,0.1896,False
XC80366_31884,80366,31884,44100,13.33,-32.60,0.3005,False
XC80366_34884,80366,34884,44100,10.25,-36.68,0.2270,False
XC812209_0,812209,0,44100,31.04,-20.95,0.4994,False
XC812209_10102,812209,10102,44100,31.90,-20.93,0.5004,False
XC812209_18783,812209,18783,44100,33.30,-18.59,0.4880,False
XC812209_27321,812209,27321,44100,30.60,-23.88,0.4587,False
XC812209_30397,812209,30397,44100,28.08,-26.56,0.4817,False
XC812209_36064,812209,36064,44100,33.77,-18.00,0.5260,False
XC812209_49416,812209,49416,44100,18.18,-35.43,0.1788,False
XC812209_72632,812209,72632,44100,35.34,-19.35,0.5880,False
XC812209_78199,812209,78199,44100,22.78,-32.79,0.4217,False
XC812210_10954,812210,10954,44100,29.29,-24.95,0.3355,False
XC812210_27393,812210,27393,44100,25.31,-29.17,0.3587,False
XC812210_37303,812210,37303,44100,25.26,-28.72,0.2564,False
XC812210_47654,812210,47654,44100,29.77,-24.34,0.4084,False
XC812210_53465,812210,53465,44100,27.56,-25.06,0.4037,False
XC812210_59021,812210,59021,44100,31.89,-21.54,0.4866,False
XC812210_69407,812210,69407,44100,26.80,-24.04,0.4425,False
XC812210_76781,812210,76781,44100,29.29,-24.69,0.4237,False
XC812210_85,812210,85,44100,27.73,-28.25,0.2856,False
XC812211_16461,812211,16461,44100,34.16,-20.05,0.4654,False
XC812211_27611,812211,27611,44100,23.13,-19.79,0.4898,False
XC812211_35864,812211,35864,44100,22.20,-34.52,0.2597,False
XC812211_905,812211,905,44100,28.41,-23.06,0.4238,False
XC812212_12304,812212,12304,44100,30.35,-29.82,0.3160,False
XC812212_14620,812212,14620,44100,31.70,-29.53,0.3047,False
XC812212_16154,812212,16154,44100,33.73,-27.90,0.3465,False
XC812212_17746,812212,17746,44100,31.62,-29.97,0.3484,False
XC812212_20975,812212,20975,44100,14.30,-45.19,0.0713,False
XC812212_269,812212,269,44100,36.61,-23.76,0.3731,False
XC812212_36554,812212,36554,44100,18.19,-38.72,0.1115,False
XC812212_41701,812212,41701,44100,19.20,-40.57,0.0982,False
XC812212_51483,812212,51483,44100,25.30,-30.89,0.2657,False
XC812212_5917,812212,5917,44100,35.71,-19.62,0.4878,False
XC816619_10443,816619,10443,44100,14.20,-39.98,0.0865,False
XC816619_12105,816619,12105,44100,13.79,-40.82,0.0874,False
XC816619_1633,816619,1633,44100,23.86,-31.30,0.2477,False
XC816619_4461,816619,4461,44100,20.01,-33.98,0.2229,False
XC816619_6635,816619,6635,44100,12.68,-40.72,0.0868,False
XC863742_0,863742,0,44100,29.32,-29.58,0.3818,False
XC90664_4746,90664,4746,44100,15.71,-19.46,0.6277,False
XC90664_769,90664,769,44100,15.51,-23.87,0.4366,False
XC918372_113,918372,113,44100,17.03,-35.05,0.1927,False
XC918372_17921,918372,17921,44100,12.85,-40.33,0.0941,False
XC918372_23192,918372,23192,44100,13.07,-33.71,0.1728,False
XC918372_7039,918372,7039,44100,13.92,-36.76,0.1793,False
XC92770_586,92770,586,44100,17.43,-21.88,0.7803,False
XC929008_1491,929008,1491,44100,9.55,-36.75,0.0893,False
XC929009_1562,929009,1562,44100,10.94,-32.99,0.1281,False
XC93634_0,93634,0,44100,20.19,-27.83,0.3239,False
XC93634_17120,93634,17120,44100,8.74,-40.19,0.2043,False
XC93634_30311,93634,30311,44100,21.58,-26.77,0.4907,False
XC93634_40162,93634,40162,44100,23.09,-25.11,0.4494,False
XC93634_6000,93634,6000,44100,9.86,-38.49,0.1069,False
XC94024_53,94024,53,44100,19.74,-12.20,1.0000,True
XC94025_279,94025,279,44100,4.24,-29.55,0.2481,False
XC94025_3277,94025,3277,44100,9.13,-24.80,0.4048,False
XC94025_9969,94025,9969,44100,10.49,-16.57,0.8143,False
XC94026_0,94026,0,44100,14.86,-14.61,1.0000,True
XC94026_13176,94026,13176,44100,14.37,-16.63,1.0000,True
XC94026_22022,94026,22022,44100,14.07,-18.77,0.9351,False
XC94026_3000,94026,3000,44100,16.61,-14.97,1.0000,True
XC94026_34162,94026,34162,44100,9.94,-19.63,0.9331,False
XC94026_37162,94026,37162,44100,10.22,-19.04,0.9360,False
XC942408_1431,942408,1431,44100,19.83,-22.61,0.6748,False
XC950979_11132,950979,11132,44100,12.00,-36.77,0.1779,False
XC950979_14364,950979,14364,44100,9.06,-39.32,0.0908,False
XC950979_28061,950979,28061,44100,17.51,-31.27,0.1869,False
XC950979_38657,950979,38657,44100,8.43,-38.79,0.0792,False
XC950979_46087,950979,46087,44100,4.69,-43.44,0.0586,False
XC950979_967,950979,967,44100,13.75,-33.59,0.1822,False
XC957142_4114,957142,4114,44100,8.45,-23.30,0.6074,False
XC957142_6465,957142,6465,44100,7.74,-24.47,0.4381,False
XC957142_689,957142,689,44100,5.13,-24.54,0.3190,False
XC975807_4184,975807,4184,44100,13.25,-24.71,0.3404,False
XC975849_6272,975849,6272,44100,8.66,-25.82,0.3457,False
XC975849_797,975849,797,44100,9.18,-25.48,0.4719,False
XC975858_101243,975858,101243,44100,20.56,-20.62,0.9586,False
XC975858_34452,975858,34452,44100,18.37,-19.71,0.6271,False
XC975858_3983,975858,3983,44100,12.34,-23.34,1.0000,True
XC975858_54275,975858,54275,44100,15.71,-18.93,0.8526,False
XC975858_78991,975858,78991,44100,13.14,-22.86,0.7965,False
XC976222_26158,976222,26158,44100,6.91,-22.60,0.8130,False
XC976222_6210,976222,6210,44100,9.83,-19.67,0.7657,False
XC976421_12131,976421,12131,44100,12.13,-20.43,0.7197,False
XC976421_3844,976421,3844,44100,12.18,-19.08,0.9792,False
XC987716_1153,987716,1153,44100,14.22,-24.76,0.5656,False
XC987716_14911,987716,14911,44100,11.31,-28.20,0.3260,False
XC987716_38034,987716,38034,44100,13.46,-23.71,0.3802,False
XC100269_11944,100269,11944,44100,4.26,-39.58,0.0621,False
XC100269_14942,100269,14942,44100,3.79,-39.80,0.0615,False
XC100269_19478,100269,19478,44100,5.20,-38.75,0.0757,False
XC100269_23222,100269,23222,44100,3.56,-40.52,0.0598,False
XC100269_26235,100269,26235,44100,3.48,-40.77,0.0654,False
XC100269_30471,100269,30471,44100,4.39,-39.53,0.0651,False
XC100269_33468,100269,33468,44100,3.91,-40.12,0.0860,False
XC100269_5900,100269,5900,44100,3.60,-40.69,0.0724,False
XC100269_8914,100269,8914,44100,3.83,-40.24,0.0622,False
XC1010542_13521,1010542,13521,44100,5.49,-58.72,0.0105,False
XC1029364_49,1029364,49,44100,20.18,-25.94,0.4411,False
XC1029364_5671,1029364,5671,44100,21.74,-27.27,0.3798,False
XC1051084_29673,1051084,29673,44100,4.03,-31.90,0.1953,False
XC151610_21709,151610,21709,44100,3.75,-39.43,0.0422,False
XC151610_27705,151610,27705,44100,6.72,-35.97,0.0985,False
XC151610_30720,151610,30720,44100,10.93,-31.50,0.2131,False
XC151610_39110,151610,39110,44100,2.69,-41.80,0.0392,False
XC151610_52441,151610,52441,44100,3.66,-40.48,0.0432,False
XC151610_73100,151610,73100,44100,10.25,-31.76,0.1571,False
XC151610_77337,151610,77337,44100,6.01,-34.24,0.1017,False
XC151610_83738,151610,83738,44100,6.34,-34.72,0.0899,False
XC151610_88594,151610,88594,44100,2.27,-40.38,0.0358,False
XC151610_93759,151610,93759,44100,2.22,-41.32,0.0363,False
XC157267_10310,157267,10310,44100,8.09,-27.04,0.4662,False
XC157267_13349,157267,13349,44100,8.93,-25.18,0.7020,False
XC157267_17737,157267,17737,44100,6.49,-26.08,0.2982,False
XC157267_21137,157267,21137,44100,7.12,-26.26,1.0000,True
XC157267_3474,157267,3474,44100,4.39,-31.25,0.4350,False
XC157267_456,157267,456,44100,8.74,-26.35,0.2480,False
XC157267_6524,157267,6524,44100,6.53,-29.39,0.7049,False
XC175250_1101,175250,1101,44100,21.26,-22.76,0.4941,False
XC175250_17944,175250,17944,44100,18.02,-22.85,0.4230,False
XC175250_21564,175250,21564,44100,14.94,-27.46,0.3297,False
XC175250_28718,175250,28718,44100,20.03,-24.28,0.3401,False
XC175250_33790,175250,33790,44100,15.49,-27.22,0.3202,False
XC175250_37533,175250,37533,44100,13.71,-27.42,0.3718,False
XC175250_5596,175250,5596,44100,17.37,-27.70,0.4090,False
XC175520_10828,175520,10828,44100,6.31,-38.50,0.0905,False
XC175520_149282,175520,149282,44100,12.63,-32.06,0.1459,False
XC175520_152484,175520,152484,44100,14.91,-30.94,0.1394,False
XC175520_20043,175520,20043,44100,5.48,-39.68,0.0941,False
XC175520_2302,175520,2302,44100,5.34,-36.64,0.0986,False
XC175520_31920,175520,31920,44100,4.49,-39.00,0.0805,False
XC175520_54996,175520,54996,44100,9.94,-33.41,0.1555,False
XC175520_70259,175520,70259,44100,13.01,-32.62,0.1079,False
XC175520_86453,175520,86453,44100,11.43,-33.60,0.0975,False
XC175520_96673,175520,96673,44100,10.60,-33.59,0.1074,False
XC192180_0,192180,0,44100,5.85,-27.69,0.2507,False
XC192180_3000,192180,3000,44100,5.71,-27.60,0.2516,False
XC192181_0,192181,0,44100,10.62,-26.18,0.4687,False
XC192181_10617,192181,10617,44100,9.79,-26.78,0.3506,False
XC192181_14498,192181,14498,44100,8.91,-26.94,0.4236,False
XC192181_17854,192181,17854,44100,9.53,-26.51,0.3881,False
XC192181_22185,192181,22185,44100,9.21,-27.54,0.3272,False
XC192181_25185,192181,25185,44100,10.42,-26.88,0.3512,False
XC192181_3255,192181,3255,44100,9.72,-26.85,0.3653,False
XC192181_6588,192181,6588,44100,8.62,-26.67,0.3918,False
XC199206_11851,199206,11851,44100,10.55,-33.14,0.2209,False
XC199206_18923,199206,18923,44100,10.94,-33.20,0.1639,False
XC199206_24351,199206,24351,44100,14.87,-30.70,0.1952,False
XC199206_29840,199206,29840,44100,11.82,-33.49,0.1523,False
XC199206_34866,199206,34866,44100,11.98,-32.67,0.1887,False
XC199206_40232,199206,40232,44100,12.28,-31.17,0.2125,False
XC199206_43772,199206,43772,44100,11.08,-29.47,0.2815,False
XC199206_50519,199206,50519,44100,11.82,-31.93,0.1873,False
XC199206_5253,199206,5253,44100,8.79,-33.46,0.1420,False
XC199207_0,199207,0,44100,12.73,-32.94,0.1878,False
XC199207_12426,199207,12426,44100,13.16,-32.58,0.1779,False
XC199207_16014,199207,16014,44100,15.63,-30.67,0.2029,False
XC199207_21815,199207,21815,44100,16.09,-30.40,0.2186,False
XC199207_27095,199207,27095,44100,14.11,-31.65,0.2207,False
XC199207_33178,199207,33178,44100,9.89,-30.59,0.2074,False
XC199207_36497,199207,36497,44100,12.48,-30.98,0.2145,False
XC199207_6011,199207,6011,44100,13.14,-31.90,0.1915,False
XC199207_9025,199207,9025,44100,12.37,-32.67,0.1839,False
XC203258_0,203258,0,44100,10.15,-28.13,0.3378,False
XC203258_12186,203258,12186,44100,10.23,-26.64,0.2722,False
XC203258_15186,203258,15186,44100,13.29,-26.32,0.3022,False
XC203258_18976,203258,18976,44100,10.96,-28.52,0.3841,False
XC203258_21999,203258,21999,44100,9.74,-28.63,0.3752,False
XC203258_25006,203258,25006,44100,10.07,-28.49,0.3576,False
XC203258_30080,203258,30080,44100,12.34,-27.75,0.3217,False
XC203258_3186,203258,3186,44100,9.81,-26.58,0.3407,False
XC203258_36232,203258,36232,44100,9.88,-30.63,0.2793,False
XC203258_9186,203258,9186,44100,11.17,-25.39,0.3572,False
XC203367_15608,203367,15608,44100,5.58,-25.18,0.3329,False
XC203367_19223,203367,19223,44100,9.01,-27.87,0.2630,False
XC203367_22370,203367,22370,44100,9.29,-27.48,0.2891,False
XC203367_25850,203367,25850,44100,10.74,-27.75,0.2882,False
XC203367_28850,203367,28850,44100,7.99,-27.74,0.2378,False
XC203367_32390,203367,32390,44100,8.39,-27.66,0.3571,False
XC203367_47477,203367,47477,44100,12.24,-28.57,0.3504,False
XC203367_51418,203367,51418,44100,10.78,-26.82,0.3700,False
XC203367_78354,203367,78354,44100,10.42,-29.23,0.2293,False
XC203367_85244,203367,85244,44100,10.57,-27.92,0.3138,False
XC203370_26009,203370,26009,44100,8.86,-28.15,0.2458,False
XC203370_29154,203370,29154,44100,9.98,-26.92,0.2853,False
XC203370_33642,203370,33642,44100,7.52,-27.86,0.2376,False
XC203370_36823,203370,36823,44100,8.79,-26.94,0.2725,False
XC203370_49000,203370,49000,44100,9.31,-28.05,0.2745,False
XC203370_52195,203370,52195,44100,9.45,-28.73,0.2257,False
XC203370_56718,203370,56718,44100,10.51,-27.97,0.2706,False
XC203370_70960,203370,70960,44100,10.93,-27.85,0.2560,False
XC203370_75236,203370,75236,44100,9.43,-27.32,0.3120,False
XC203370_8834,203370,8834,44100,10.44,-28.27,0.2501,False
XC203373_17893,203373,17893,44100,9.61,-29.93,0.2079,False
XC203373_1856,203373,1856,44100,6.86,-31.64,0.1905,False
XC203373_30866,203373,30866,44100,9.10,-28.99,0.2177,False
XC203373_33861,203373,33861,44100,7.84,-30.16,0.2204,False
XC203373_45718,203373,45718,44100,8.48,-30.67,0.2291,False
XC203389_19891,203389,19891,44100,10.46,-29.25,0.2173,False
XC203389_37144,203389,37144,44100,11.62,-29.31,0.2566,False
XC203389_41177,203389,41177,44100,10.37,-28.24,0.2928,False
XC203389_47557,203389,47557,44100,8.71,-29.31,0.2168,False
XC207922_10499,207922,10499,44100,7.09,-28.45,0.2455,False
XC207922_14591,207922,14591,44100,5.53,-30.46,0.2558,False
XC207922_17893,207922,17893,44100,7.27,-28.48,0.2726,False
XC207922_29885,207922,29885,44100,5.74,-31.07,0.2077,False
XC207922_34030,207922,34030,44100,5.72,-30.89,0.1999,False
XC207922_40658,207922,40658,44100,5.83,-30.82,0.2428,False
XC207922_43702,207922,43702,44100,5.98,-30.50,0.2326,False
XC207922_47567,207922,47567,44100,5.55,-30.31,0.2039,False
XC207922_52436,207922,52436,44100,7.51,-29.89,0.1984,False
XC240597_0,240597,0,44100,17.38,-21.24,0.6496,False
XC240597_14073,240597,14073,44100,17.10,-22.15,0.4806,False
XC240597_17073,240597,17073,44100,18.26,-21.90,0.4901,False
XC240597_20073,240597,20073,44100,17.32,-21.63,0.5747,False
XC240597_3000,240597,3000,44100,18.41,-22.15,0.6528,False
XC240597_5995,240597,5995,44100,17.94,-22.31,0.6399,False
XC240597_9008,240597,9008,44100,18.18,-21.95,0.6721,False
XC27662_21641,27662,21641,44100,20.79,-29.25,0.3204,False
XC27662_24573,27662,24573,44100,20.72,-29.62,0.3160,False
XC27662_28391,27662,28391,44100,18.23,-30.00,0.2913,False
XC27662_30655,27662,30655,44100,30.06,-38.59,0.1276,False
XC27662_3657,27662,3657,44100,19.57,-29.56,0.2619,False
XC290485_0,290485,0,44100,24.90,-29.66,0.2785,False
XC290485_12805,290485,12805,44100,19.98,-27.49,0.3442,False
XC290485_16251,290485,16251,44100,23.15,-27.09,0.3823,False
XC290485_22983,290485,22983,44100,27.95,-28.65,0.3021,False
XC290485_3015,290485,3015,44100,28.77,-26.40,0.3917,False
XC290485_6031,290485,6031,44100,27.13,-28.01,0.3448,False
XC290485_9805,290485,9805,44100,23.34,-27.01,0.3843,False
XC290486_0,290486,0,44100,18.47,-31.26,0.2455,False
XC290486_12829,290486,12829,44100,8.25,-35.65,0.0994,False
XC290486_15840,290486,15840,44100,17.52,-32.29,0.1287,False
XC290486_4072,290486,4072,44100,17.50,-29.67,0.3400,False
XC290486_9826,290486,9826,44100,9.30,-36.41,0.1391,False
XC290487_0,290487,0,44100,33.35,-27.33,0.2727,False
XC290487_11334,290487,11334,44100,31.48,-26.25,0.3073,False
XC290487_3451,290487,3451,44100,28.88,-27.44,0.2672,False
XC290487_8305,290487,8305,44100,30.01,-25.15,0.3640,False
XC302526_11661,302526,11661,44100,2.05,-29.91,0.1595,False
XC302526_17777,302526,17777,44100,2.07,-29.40,0.1462,False
XC302526_20776,302526,20776,44100,1.88,-29.72,0.1513,False
XC302526_23955,302526,23955,44100,2.18,-30.02,0.1502,False
XC302526_32309,302526,32309,44100,1.72,-30.67,0.1358,False
XC302526_39399,302526,39399,44100,2.26,-31.72,0.1378,False
XC302526_4041,302526,4041,44100,2.39,-29.14,0.1807,False
XC302526_438,302526,438,44100,2.42,-29.30,0.1557,False
XC302526_7493,302526,7493,44100,2.16,-29.34,0.1670,False
XC302527_1887,302527,1887,44100,2.15,-28.58,0.1732,False
XC303939_0,303939,0,44100,2.63,-28.03,0.2147,False
XC303939_2998,303939,2998,44100,2.01,-28.34,0.1618,False
XC304320_112,304320,112,44100,8.00,-25.96,0.2222,False
XC314473_12252,314473,12252,44100,8.17,-19.29,0.8036,False
XC314473_9230,314473,9230,44100,11.40,-18.87,0.7547,False
XC328022_118956,328022,118956,44100,18.14,-23.83,0.3690,False
XC328022_127539,328022,127539,44100,18.76,-27.48,0.3309,False
XC328022_130733,328022,130733,44100,10.38,-35.73,0.0685,False
XC328022_152640,328022,152640,44100,18.42,-29.03,0.3610,False
XC328022_228847,328022,228847,44100,18.80,-27.99,0.3113,False
XC328022_249496,328022,249496,44100,21.23,-23.69,0.3086,False
XC328022_264079,328022,264079,44100,22.35,-23.40,0.3301,False
XC328022_285259,328022,285259,44100,6.65,-36.80,0.0649,False
XC328022_50428,328022,50428,44100,16.22,-28.61,0.2908,False
XC328022_8130,328022,8130,44100,15.07,-29.28,0.2808,False
XC342490_12681,342490,12681,44100,23.76,-43.66,0.0428,False
XC342490_17634,342490,17634,44100,22.82,-48.10,0.0388,False
XC342490_2231,342490,2231,44100,21.10,-47.39,0.0378,False
XC342490_5229,342490,5229,44100,22.46,-46.45,0.0401,False
XC342490_8228,342490,8228,44100,22.25,-45.71,0.0433,False
XC345584_2134,345584,2134,44100,3.21,-26.96,0.2293,False
XC34689_0,34689,0,44100,6.10,-32.03,0.1207,False
XC34689_3195,34689,3195,44100,7.08,-30.21,0.1668,False
XC347812_12026,347812,12026,44100,14.94,-39.42,0.0929,False
XC347812_15030,347812,15030,44100,17.15,-41.85,0.0855,False
XC347812_2537,347812,2537,44100,13.11,-41.66,0.0864,False
XC347812_5541,347812,5541,44100,10.39,-43.62,0.0747,False
XC347813_118,347813,118,44100,16.33,-44.73,0.0525,False
XC347813_12126,347813,12126,44100,8.54,-41.24,0.0683,False
XC347813_15128,347813,15128,44100,12.76,-42.74,0.0616,False
XC347813_3120,347813,3120,44100,8.54,-41.58,0.0742,False
XC347813_6122,347813,6122,44100,7.87,-41.42,0.0736,False
XC347813_9124,347813,9124,44100,6.95,-40.83,0.0764,False
XC348091_0,348091,0,44100,20.90,-19.97,0.7888,False
XC348091_13071,348091,13071,44100,15.64,-20.62,0.6913,False
XC348091_16360,348091,16360,44100,18.56,-18.81,0.9160,False
XC348091_3010,348091,3010,44100,15.58,-21.37,0.6050,False
XC348091_6021,348091,6021,44100,15.70,-21.95,0.5604,False
XC348091_9446,348091,9446,44100,15.23,-20.63,0.7393,False
XC352051_104194,352051,104194,44100,5.96,-42.11,0.0539,False
XC352051_13201,352051,13201,44100,10.79,-36.41,0.1020,False
XC352051_32177,352051,32177,44100,9.89,-35.99,0.0855,False
XC352051_35181,352051,35181,44100,9.50,-36.77,0.0828,False
XC352051_48086,352051,48086,44100,6.43,-41.22,0.0693,False
XC352051_6144,352051,6144,44100,9.30,-37.14,0.0945,False
XC352051_80676,352051,80676,44100,8.28,-38.90,0.0950,False
XC352051_89212,352051,89212,44100,10.53,-34.94,0.1117,False
XC352051_92405,352051,92405,44100,8.50,-39.54,0.0703,False
XC352051_9425,352051,9425,44100,10.27,-36.21,0.0921,False
XC360136_11981,360136,11981,44100,15.48,-32.96,0.1287,False
XC360136_15521,360136,15521,44100,15.28,-33.29,0.1588,False
XC360136_18850,360136,18850,44100,13.42,-33.56,0.1158,False
XC360136_206,360136,206,44100,22.05,-27.09,0.2090,False
XC360136_4788,360136,4788,44100,10.04,-39.45,0.0584,False
XC360136_7784,360136,7784,44100,17.71,-27.82,0.2481,False
XC364380_696,364380,696,44100,9.69,-24.04,0.2754,False
XC397190_11173,397190,11173,44100,6.36,-33.88,0.1764,False
XC397190_17661,397190,17661,44100,9.09,-30.81,0.2123,False
XC397190_28463,397190,28463,44100,6.79,-33.97,0.1596,False
XC397190_32747,397190,32747,44100,16.78,-22.62,0.4957,False
XC397190_35747,397190,35747,44100,12.46,-23.82,0.4806,False
XC397190_39876,397190,39876,44100,10.09,-27.77,0.3699,False
XC397190_503,397190,503,44100,23.52,-33.32,0.2061,False
XC397190_6952,397190,6952,44100,7.62,-31.95,0.1707,False
XC40043_10304,40043,10304,44100,9.36,-25.57,0.3491,False
XC40043_13325,40043,13325,44100,7.43,-26.05,0.2917,False
XC40043_139,40043,139,44100,11.27,-22.10,0.4047,False
XC40043_16329,40043,16329,44100,8.74,-27.07,0.3150,False
XC40043_19332,40043,19332,44100,7.71,-26.17,0.3630,False
XC40043_29817,40043,29817,44100,12.45,-22.27,0.5083,False
XC40043_32964,40043,32964,44100,6.42,-28.15,0.2481,False
XC40043_37765,40043,37765,44100,8.59,-25.81,0.3434,False
XC40043_3866,40043,3866,44100,10.10,-24.78,0.3836,False
XC40043_7229,40043,7229,44100,9.76,-25.16,0.3890,False
XC400874_0,400874,0,44100,15.83,-31.45,0.1595,False
XC400874_2576,400874,2576,44100,7.96,-31.15,0.1829,False
XC400874_5130,400874,5130,44100,5.36,-37.17,0.1014,False
XC400874_8477,400874,8477,44100,10.42,-32.24,0.2287,False
XC404001_11103,404001,11103,44100,12.03,-32.37,0.2346,False
XC404001_164,404001,164,44100,13.90,-29.74,0.2119,False
XC404001_3825,404001,3825,44100,14.49,-30.80,0.2440,False
XC404001_7973,404001,7973,44100,12.82,-29.26,0.2242,False
XC434301_11543,434301,11543,44100,32.07,-25.17,0.6315,False
XC434301_14545,434301,14545,44100,37.93,-23.33,0.8029,False
XC434301_5543,434301,5543,44100,56.06,-28.46,0.3595,False
XC434301_8543,434301,8543,44100,26.31,-25.30,0.6253,False
XC434900_14266,434900,14266,44100,17.13,-23.61,0.5695,False
XC434900_1525,434900,1525,44100,17.31,-17.45,0.7307,False
XC434900_156267,434900,156267,44100,18.65,-20.77,0.5953,False
XC434900_22816,434900,22816,44100,17.85,-23.24,0.5771,False
XC434900_32915,434900,32915,44100,17.51,-21.96,0.5928,False
XC434900_42702,434900,42702,44100,16.50,-22.75,0.6050,False
XC434900_58104,434900,58104,44100,18.45,-22.54,0.6932,False
XC434900_5923,434900,5923,44100,16.68,-23.73,0.5609,False
XC434900_72945,434900,72945,44100,15.98,-22.34,0.5892,False
XC434900_81122,434900,81122,44100,16.81,-21.73,0.5812,False
XC439488_0,439488,0,44100,15.02,-32.53,0.2156,False
XC439488_3000,439488,3000,44100,16.52,-24.50,0.7321,False
XC439488_6000,439488,6000,44100,20.77,-16.30,0.9113,False
XC439488_9426,439488,9426,44100,13.86,-23.38,0.6469,False
XC445754_1173,445754,1173,44100,7.36,-27.01,0.3249,False
XC445754_12421,445754,12421,44100,4.28,-23.84,0.4137,False
XC445754_3800,445754,3800,44100,8.79,-22.93,0.4819,False
XC445754_6466,445754,6466,44100,4.24,-24.16,0.4570,False
XC445754_9444,445754,9444,44100,2.64,-25.60,1.0000,True
XC447638_0,447638,0,44100,8.11,-40.16,0.0705,False
XC447638_12385,447638,12385,44100,7.01,-40.09,0.0689,False
XC447638_19067,447638,19067,44100,7.26,-39.96,0.0715,False
XC447638_22076,447638,22076,44100,6.20,-39.98,0.0680,False
XC447638_27807,447638,27807,44100,7.16,-39.48,0.0755,False
XC447638_32484,447638,32484,44100,6.95,-39.57,0.0787,False
XC447638_3837,447638,3837,44100,7.69,-40.04,0.0704,False
XC447638_9385,447638,9385,44100,7.61,-39.80,0.0817,False
XC447639_0,447639,0,44100,2.99,-43.85,0.0354,False
XC447639_13551,447639,13551,44100,3.59,-42.07,0.0440,False
XC447639_3000,447639,3000,44100,2.49,-43.23,0.0360,False
XC447639_7741,447639,7741,44100,2.93,-41.95,0.0410,False
XC462874_6142,462874,6142,44100,15.04,-41.59,0.0894,False
XC462874_9142,462874,9142,44100,14.62,-41.39,0.0711,False
XC46439_0,46439,0,44100,5.31,-16.59,0.7249,False
XC46439_2599,46439,2599,44100,5.69,-17.06,0.7534,False
XC503286_15736,503286,15736,44100,1.31,-28.78,0.1944,False
XC503286_19789,503286,19789,44100,1.53,-28.59,0.2130,False
XC503286_29611,503286,29611,44100,1.08,-29.07,0.1765,False
XC503286_50897,503286,50897,44100,2.70,-28.29,0.3551,False
XC503286_55904,503286,55904,44100,2.50,-28.64,0.2498,False
XC503286_59711,503286,59711,44100,1.77,-29.27,0.1980,False
XC503286_8232,503286,8232,44100,1.35,-30.03,0.1353,False
XC522909_0,522909,0,44100,12.70,-36.92,0.1233,False
XC522909_16899,522909,16899,44100,11.14,-39.24,0.0897,False
XC522909_23319,522909,23319,44100,13.03,-37.67,0.0960,False
XC522909_29669,522909,29669,44100,13.93,-37.07,0.1086,False
XC522909_34796,522909,34796,44100,14.27,-36.60,0.1175,False
XC522909_4114,522909,4114,44100,11.73,-36.68,0.1173,False
XC522909_42289,522909,42289,44100,10.89,-39.13,0.0799,False
XC522909_57600,522909,57600,44100,11.25,-38.88,0.0918,False
XC522909_64434,522909,64434,44100,10.45,-40.61,0.0727,False
XC522909_72165,522909,72165,44100,12.79,-37.41,0.1084,False
XC528907_15140,528907,15140,44100,3.26,-22.83,0.5128,False
XC528907_1748,528907,1748,44100,5.93,-23.71,0.5156,False
XC528907_21481,528907,21481,44100,3.84,-23.57,0.4860,False
XC528907_32036,528907,32036,44100,4.53,-22.80,0.6150,False
XC528907_43101,528907,43101,44100,3.67,-22.56,0.4522,False
XC528907_50562,528907,50562,44100,4.13,-22.43,0.4546,False
XC528907_57408,528907,57408,44100,5.47,-23.35,0.6434,False
XC528907_64838,528907,64838,44100,3.49,-25.86,0.3733,False
XC528907_90134,528907,90134,44100,7.36,-22.85,0.5596,False
XC528907_9488,528907,9488,44100,4.64,-24.92,0.4196,False
XC537518_10392,537518,10392,44100,12.32,-46.13,0.4383,False
XC537518_317,537518,317,44100,10.91,-48.26,0.0340,False
XC537518_3441,537518,3441,44100,7.89,-49.41,0.0259,False
XC537518_6750,537518,6750,44100,11.00,-48.87,0.0378,False
XC541311_12496,541311,12496,44100,4.22,-45.23,0.0406,False
XC541311_17292,541311,17292,44100,6.03,-45.09,0.0426,False
XC541311_4051,541311,4051,44100,5.18,-44.75,0.0433,False
XC541311_8336,541311,8336,44100,5.42,-44.36,0.0480,False
XC559644_0,559644,0,44100,13.02,-46.60,0.0389,False
XC559644_14334,559644,14334,44100,12.45,-47.29,0.0317,False
XC559644_17870,559644,17870,44100,12.47,-46.58,0.0365,False
XC559644_21504,559644,21504,44100,12.42,-47.56,0.0311,False
XC559644_26097,559644,26097,44100,13.08,-47.03,0.0344,False
XC559644_2683,559644,2683,44100,11.50,-47.93,0.0337,False
XC559644_29345,559644,29345,44100,11.96,-46.61,0.0367,False
XC559644_32665,559644,32665,44100,10.51,-46.44,0.0362,False
XC559644_5753,559644,5753,44100,13.25,-47.14,0.0312,False
XC559644_9106,559644,9106,44100,13.94,-46.72,0.0371,False
XC559916_0,559916,0,44100,9.18,-43.00,0.0571,False
XC559916_13857,559916,13857,44100,10.83,-41.97,0.0555,False
XC559916_17042,559916,17042,44100,10.56,-42.57,0.0597,False
XC559916_20065,559916,20065,44100,10.55,-42.12,0.0560,False
XC559916_22942,559916,22942,44100,9.77,-43.05,0.0578,False
XC559916_27930,559916,27930,44100,9.79,-41.84,0.0544,False
XC559916_3310,559916,3310,44100,10.42,-42.64,0.0603,False
XC559916_6245,559916,6245,44100,10.49,-42.11,0.0564,False
XC559916_9178,559916,9178,44100,9.83,-43.02,0.0578,False
XC560520_0,560520,0,44100,19.35,-27.58,0.4786,False
XC560520_10139,560520,10139,44100,19.78,-22.36,0.7124,False
XC560520_15002,560520,15002,44100,20.69,-22.36,0.8319,False
XC560520_21839,560520,21839,44100,25.06,-21.06,0.8257,False
XC560520_3000,560520,3000,44100,19.78,-23.38,0.7001,False
XC560520_30306,560520,30306,44100,26.42,-20.42,0.9976,True
XC560520_35284,560520,35284,44100,16.74,-21.86,0.7477,False
XC560520_38791,560520,38791,44100,23.60,-25.08,0.7184,False
XC560520_46490,560520,46490,44100,22.09,-25.60,0.6949,False
XC560520_49833,560520,49833,44100,21.73,-23.24,0.6994,False
XC576417_0,576417,0,44100,3.21,-22.29,0.4311,False
XC576417_12147,576417,12147,44100,3.17,-22.71,0.4586,False
XC576417_5656,576417,5656,44100,3.31,-23.08,0.4533,False
XC578384_12998,578384,12998,44100,9.24,-25.16,0.2845,False
XC578384_16006,578384,16006,44100,9.42,-19.67,0.5793,False
XC578384_19006,578384,19006,44100,12.78,-19.98,0.5947,False
XC578384_23762,578384,23762,44100,10.15,-24.72,0.3333,False
XC578384_27025,578384,27025,44100,8.25,-27.14,0.3449,False
XC578384_2763,578384,2763,44100,9.13,-21.71,0.3810,False
XC580215_11331,580215,11331,44100,14.92,-34.33,0.1658,False
XC580215_15063,580215,15063,44100,17.77,-33.46,0.1855,False
XC580215_18372,580215,18372,44100,16.16,-36.79,0.0970,False
XC580215_5330,580215,5330,44100,15.47,-33.62,0.1748,False
XC580215_8331,580215,8331,44100,15.02,-33.33,0.1685,False
XC580215_851,580215,851,44100,8.25,-30.58,0.1354,False
XC588080_650,588080,650,44100,27.87,-20.08,0.5732,False
XC589483_0,589483,0,44100,10.26,-36.36,0.1324,False
XC589483_10205,589483,10205,44100,12.85,-32.63,0.1430,False
XC589483_13218,589483,13218,44100,10.42,-34.12,0.1291,False
XC589483_16283,589483,16283,44100,9.11,-35.13,0.1374,False
XC589483_23513,589483,23513,44100,14.32,-32.58,0.1372,False
XC589483_27896,589483,27896,44100,12.62,-34.93,0.1445,False
XC589483_3112,589483,3112,44100,9.58,-37.64,0.1224,False
XC589483_6929,589483,6929,44100,12.47,-35.19,0.1275,False
XC589824_12445,589824,12445,44100,20.79,-24.24,0.4432,False
XC589824_20836,589824,20836,44100,18.37,-25.63,0.4479,False
XC589824_24224,589824,24224,44100,17.91,-25.12,0.5577,False
XC589824_28004,589824,28004,44100,22.13,-22.36,0.7570,False
XC589824_33453,589824,33453,44100,21.04,-23.98,0.6002,False
XC589824_36621,589824,36621,44100,22.81,-22.43,0.7093,False
XC589824_40419,589824,40419,44100,22.07,-22.83,0.7434,False
XC589824_43638,589824,43638,44100,21.30,-23.66,0.6743,False
XC589824_5334,589824,5334,44100,19.69,-26.18,0.4276,False
XC589824_546,589824,546,44100,25.50,-26.28,0.3541,False
XC593996_13043,593996,13043,44100,22.10,-31.46,0.1967,False
XC593996_16655,593996,16655,44100,22.16,-31.36,0.2085,False
XC593996_170,593996,170,44100,27.35,-31.03,0.2080,False
XC593996_19655,593996,19655,44100,20.73,-31.27,0.1976,False
XC593996_22655,593996,22655,44100,21.52,-31.68,0.2018,False
XC593996_29118,593996,29118,44100,20.85,-31.20,0.2105,False
XC593996_32165,593996,32165,44100,23.61,-30.59,0.2063,False
XC593996_6782,593996,6782,44100,20.31,-31.83,0.1852,False
XC598171_10006,598171,10006,44100,19.53,-27.88,0.3041,False
XC598171_13973,598171,13973,44100,21.02,-28.10,0.2777,False
XC598171_18960,598171,18960,44100,23.21,-27.55,0.2779,False
XC598171_1932,598171,1932,44100,23.41,-28.13,0.2781,False
XC598171_25200,598171,25200,44100,22.39,-28.26,0.2857,False
XC598171_28927,598171,28927,44100,22.73,-29.03,0.2516,False
XC598171_6169,598171,6169,44100,19.44,-28.00,0.2863,False
XC616403_0,616403,0,44100,44.74,-27.88,0.3700,False
XC616403_2999,616403,2999,44100,45.15,-27.89,0.3633,False
XC616403_5999,616403,5999,44100,43.83,-27.57,0.5488,False
XC618483_13944,618483,13944,44100,9.02,-38.99,0.1084,False
XC618483_18370,618483,18370,44100,10.10,-38.22,0.0934,False
XC618483_23819,618483,23819,44100,12.64,-38.56,0.1050,False
XC618483_33287,618483,33287,44100,6.96,-36.08,0.0893,False
XC618483_4361,618483,4361,44100,12.86,-39.68,0.0959,False
XC618483_49,618483,49,44100,12.51,-41.72,0.0668,False
XC618483_9884,618483,9884,44100,6.68,-35.06,0.1355,False
XC655104_0,655104,0,44100,2.33,-32.39,0.1613,False
XC655104_10331,655104,10331,44100,3.08,-32.47,0.0859,False
XC655104_13399,655104,13399,44100,2.43,-32.55,0.0938,False
XC655104_3000,655104,3000,44100,2.75,-32.62,0.1141,False
XC655104_6897,655104,6897,44100,2.60,-32.88,0.0967,False
XC665873_0,665873,0,44100,3.64,-29.11,0.2083,False
XC665873_18046,665873,18046,44100,3.73,-29.14,0.2649,False
XC665873_22697,665873,22697,44100,3.01,-28.94,0.2600,False
XC665873_27108,665873,27108,44100,3.06,-29.98,0.2126,False
XC665873_30103,665873,30103,44100,2.73,-29.99,0.1747,False
XC665873_3111,665873,3111,44100,2.64,-29.75,0.1815,False
XC665873_33098,665873,33098,44100,2.72,-29.99,0.2529,False
XC665873_37814,665873,37814,44100,2.84,-29.38,0.2888,False
XC665873_40809,665873,40809,44100,3.59,-28.75,0.2874,False
XC665873_8905,665873,8905,44100,2.34,-30.89,0.1890,False
XC713711_0,713711,0,44100,8.84,-20.02,0.5529,False
XC713711_2288,713711,2288,44100,7.87,-21.60,0.3972,False
XC782724_0,782724,0,44100,7.11,-42.54,0.0782,False
XC782724_17035,782724,17035,44100,13.84,-39.01,0.1312,False
XC782724_20025,782724,20025,44100,14.32,-39.35,0.1091,False
XC782724_24132,782724,24132,44100,15.37,-38.44,0.1196,False
XC782724_27770,782724,27770,44100,14.87,-38.26,0.1132,False
XC782724_30796,782724,30796,44100,15.88,-36.79,0.1310,False
XC782724_34937,782724,34937,44100,16.51,-36.68,0.1399,False
XC782724_48353,782724,48353,44100,15.59,-36.60,0.1478,False
XC782724_56151,782724,56151,44100,15.12,-37.01,0.1270,False
XC782724_6698,782724,6698,44100,9.74,-41.95,0.0697,False
XC783712_0,783712,0,44100,15.94,-37.69,0.1117,False
XC783712_14454,783712,14454,44100,13.71,-38.80,0.0808,False
XC783712_21219,783712,21219,44100,20.08,-34.68,0.1027,False
XC783712_29776,783712,29776,44100,16.80,-38.22,0.0844,False
XC783712_5652,783712,5652,44100,16.33,-36.32,0.1081,False
XC783712_9641,783712,9641,44100,16.89,-35.66,0.1076,False
XC78420_11293,78420,11293,44100,6.24,-28.47,0.1631,False
XC78420_263,78420,263,44100,6.40,-29.17,0.1314,False
XC78420_31153,78420,31153,44100,6.47,-26.52,0.2736,False
XC787534_17382,787534,17382,44100,5.19,-44.42,0.0486,False
XC787534_21558,787534,21558,44100,6.28,-42.14,0.0570,False
XC787534_6345,787534,6345,44100,4.80,-44.68,0.0484,False
XC787534_9351,787534,9351,44100,5.26,-44.55,0.0520,False
XC787535_13249,787535,13249,44100,8.71,-40.44,0.0760,False
XC787535_149,787535,149,44100,9.04,-39.77,0.0737,False
XC787535_16076,787535,16076,44100,7.63,-39.54,0.0877,False
XC787535_3150,787535,3150,44100,8.17,-40.80,0.0826,False
XC788244_11027,788244,11027,44100,3.49,-40.02,0.0537,False
XC788244_255,788244,255,44100,8.34,-35.35,0.0794,False
XC788244_7476,788244,7476,44100,3.40,-38.97,0.0721,False
XC788771_11635,788771,11635,44100,18.61,-21.41,0.6580,False
XC788771_3629,788771,3629,44100,13.13,-22.28,0.6190,False
XC788771_610,788771,610,44100,13.29,-20.56,0.5937,False
XC797139_20126,797139,20126,44100,15.87,-19.86,0.6078,False
XC797139_27897,797139,27897,44100,14.26,-20.53,0.6350,False
XC797139_31301,797139,31301,44100,13.84,-21.02,0.5807,False
XC797139_37143,797139,37143,44100,15.62,-19.96,0.5964,False
XC797139_428,797139,428,44100,20.40,-18.01,0.8812,False
XC797139_47728,797139,47728,44100,16.50,-20.08,0.9447,False
XC797139_53195,797139,53195,44100,15.39,-20.06,0.5665,False
XC797139_57724,797139,57724,44100,18.06,-19.36,0.7311,False
XC797139_7423,797139,7423,44100,17.46,-18.22,0.8454,False
XC828507_11011,828507,11011,44100,16.38,-30.99,0.1610,False
XC828507_16803,828507,16803,44100,18.62,-29.07,0.2910,False
XC828507_22277,828507,22277,44100,19.08,-30.69,0.1725,False
XC828507_3565,828507,3565,44100,16.44,-31.54,0.1635,False
XC828507_441,828507,441,44100,22.10,-30.22,0.2859,False
XC830483_0,830483,0,44100,22.13,-26.02,0.3898,False
XC830483_3000,830483,3000,44100,22.94,-31.20,0.2485,False
XC830483_5758,830483,5758,44100,19.24,-29.06,0.2978,False
XC830483_9704,830483,9704,44100,25.47,-28.01,0.3830,False
XC830484_0,830484,0,44100,21.43,-32.18,0.1653,False
XC830484_11640,830484,11640,44100,18.03,-34.65,0.1513,False
XC830484_5259,830484,5259,44100,21.89,-32.24,0.1768,False
XC830485_0,830485,0,44100,17.59,-36.40,0.1131,False
XC830485_7574,830485,7574,44100,21.39,-32.10,0.1476,False
XC844118_0,844118,0,44100,5.28,-52.39,0.0144,False
XC844118_12758,844118,12758,44100,4.61,-52.56,0.0101,False
XC844118_15760,844118,15760,44100,5.49,-52.97,0.0100,False
XC844118_20618,844118,20618,44100,11.98,-44.88,0.0670,False
XC844118_3153,844118,3153,44100,5.18,-51.99,0.0112,False
XC844118_6180,844118,6180,44100,5.16,-52.53,0.0118,False
XC844118_9755,844118,9755,44100,4.64,-52.88,0.0104,False
XC844626_290,844626,290,44100,23.33,-20.53,0.7080,False
XC844747_1087,844747,1087,44100,20.97,-18.81,0.7080,False
XC848443_10525,848443,10525,44100,17.07,-37.53,0.1665,False
XC848443_4533,848443,4533,44100,17.84,-35.85,0.1355,False
XC848443_465,848443,465,44100,16.53,-36.28,0.1207,False
XC861442_0,861442,0,44100,27.86,-33.98,0.1340,False
XC861442_109236,861442,109236,44100,17.64,-34.06,0.1622,False
XC861442_113195,861442,113195,44100,18.33,-33.50,0.1642,False
XC861442_116248,861442,116248,44100,20.61,-33.96,0.1569,False
XC861442_35804,861442,35804,44100,20.74,-29.10,0.2037,False
XC861442_56781,861442,56781,44100,20.78,-29.22,0.2065,False
XC861442_5786,861442,5786,44100,17.62,-33.61,0.1446,False
XC861442_77966,861442,77966,44100,21.43,-29.41,0.2018,False
XC861442_9609,861442,9609,44100,18.12,-33.03,0.1700,False
XC861442_96224,861442,96224,44100,21.18,-28.97,0.2087,False
XC883425_0,883425,0,44100,2.43,-17.03,0.6169,False
XC883425_13650,883425,13650,44100,2.92,-18.96,0.5918,False
XC883425_17483,883425,17483,44100,2.71,-18.35,0.5027,False
XC883425_20479,883425,20479,44100,2.71,-18.19,0.5513,False
XC883425_23492,883425,23492,44100,2.66,-18.85,0.5180,False
XC883425_5734,883425,5734,44100,2.82,-17.89,0.6755,False
XC883425_9443,883425,9443,44100,3.20,-18.45,0.6693,False
XC88905_1222,88905,1222,44100,12.15,-38.32,0.0618,False
XC88906_1150,88906,1150,44100,13.53,-37.94,0.0603,False
XC904166_0,904166,0,44100,30.46,-33.04,0.1935,False
XC904166_12133,904166,12133,44100,22.07,-33.83,0.1930,False
XC904166_21273,904166,21273,44100,17.56,-33.19,0.1899,False
XC904166_24879,904166,24879,44100,24.10,-33.09,0.1981,False
XC904166_3000,904166,3000,44100,19.83,-34.16,0.1888,False
XC904166_5999,904166,5999,44100,22.13,-33.68,0.1881,False
XC91414_10215,91414,10215,44100,15.12,-23.15,0.6618,False
XC91414_13308,91414,13308,44100,16.15,-22.11,0.8278,False
XC91414_17313,91414,17313,44100,19.73,-24.40,0.6133,False
XC91414_1841,91414,1841,44100,19.19,-19.34,0.9313,False
XC91414_21574,91414,21574,44100,15.92,-24.48,0.7693,False
XC91414_24713,91414,24713,44100,16.66,-24.28,0.8307,False
XC91414_28974,91414,28974,44100,20.13,-23.13,0.7082,False
XC91414_6619,91414,6619,44100,16.10,-22.88,0.6753,False
XC918374_0,918374,0,44100,8.26,-33.08,0.1354,False
XC918374_11550,918374,11550,44100,5.28,-37.80,0.0978,False
XC918374_14676,918374,14676,44100,5.11,-37.75,0.0997,False
XC918374_17859,918374,17859,44100,3.45,-38.66,0.0891,False
XC918374_20956,918374,20956,44100,4.53,-37.55,0.1026,False
XC918374_24047,918374,24047,44100,5.03,-37.53,0.1147,False
XC918374_28195,918374,28195,44100,5.90,-36.79,0.1173,False
XC918374_3000,918374,3000,44100,6.77,-33.76,0.1186,False
XC936403_17421,936403,17421,44100,10.06,-23.43,0.7449,False
XC936403_198,936403,198,44100,18.02,-21.72,0.7717,False
XC936403_26646,936403,26646,44100,11.17,-23.03,0.7419,False
XC936403_30330,936403,30330,44100,11.96,-22.62,0.7726,False
XC936403_56177,936403,56177,44100,12.67,-14.82,0.5482,False
XC936403_62631,936403,62631,44100,14.05,-19.55,0.6147,False
XC936403_66801,936403,66801,44100,12.46,-19.38,0.6375,False
XC936403_71257,936403,71257,44100,10.56,-20.60,0.5221,False
XC936403_83195,936403,83195,44100,11.19,-20.72,0.6144,False
XC936403_93191,936403,93191,44100,12.21,-20.81,0.5336,False
XC936889_0,936889,0,44100,25.32,-20.03,0.9445,False
XC936889_10302,936889,10302,44100,12.09,-23.39,0.5906,False
XC936889_13939,936889,13939,44100,12.53,-22.97,0.6136,False
XC936889_16947,936889,16947,44100,14.21,-24.76,0.5946,False
XC936889_3000,936889,3000,44100,12.72,-22.41,0.6592,False
XC936889_6880,936889,6880,44100,15.51,-20.02,0.7214,False
XC942394_12681,942394,12681,44100,25.30,-36.72,0.1480,False
XC942394_2684,942394,2684,44100,15.92,-26.22,0.4379,False
XC942394_5889,942394,5889,44100,14.17,-27.85,0.3563,False
XC942394_9676,942394,9676,44100,16.45,-25.05,0.3282,False
XC973067_16926,973067,16926,44100,16.37,-15.11,0.7623,False
XC973067_19705,973067,19705,44100,14.29,-17.29,0.7954,False
XC973067_213,973067,213,44100,19.64,-17.02,0.7267,False
XC973067_22469,973067,22469,44100,14.74,-16.88,0.9168,False
XC973067_25234,973067,25234,44100,14.41,-16.76,0.9424,False
XC973067_27775,973067,27775,44100,14.63,-17.48,0.8005,False
XC973067_30987,973067,30987,44100,21.11,-18.13,0.8657,False
XC973067_3213,973067,3213,44100,16.63,-17.58,0.7204,False
XC973067_6213,973067,6213,44100,16.47,-17.28,0.8914,False
XC973067_9213,973067,9213,44100,16.47,-17.19,0.8621,False
XC973127_30273,973127,30273,44100,9.86,-35.78,0.1447,False
XC973127_39727,973127,39727,44100,9.15,-34.75,0.1611,False
XC973127_43720,973127,43720,44100,9.45,-34.52,0.1253,False
XC973127_51042,973127,51042,44100,10.57,-34.28,0.1367,False
XC973127_54921,973127,54921,44100,10.16,-34.53,0.1336,False
XC973127_59281,973127,59281,44100,10.88,-34.32,0.1454,False
XC973127_69015,973127,69015,44100,10.30,-35.85,0.1380,False
XC973127_72189,973127,72189,44100,11.76,-34.46,0.1553,False
XC973914_0,973914,0,44100,12.68,-20.08,0.5457,False
XC973914_12000,973914,12000,44100,10.52,-23.88,0.5228,False
XC973914_3000,973914,3000,44100,11.38,-21.94,0.7319,False
XC973914_6000,973914,6000,44100,10.65,-22.27,0.6436,False
XC973914_9000,973914,9000,44100,12.13,-20.73,0.6026,False
XC981577_11857,981577,11857,44100,19.36,-37.47,0.1134,False
XC981577_1739,981577,1739,44100,16.60,-38.71,0.1014,False
XC981577_7182,981577,7182,44100,19.78,-33.81,0.1392,False
